fecha_hora;nivel_(m);lluvia_(mm);velocidad_agua_(m/s)
20/02/2020 19:01;0,48;;
20/02/2020 19:06;0,47;;
20/02/2020 19:11;0,47;;
20/02/2020 19:16;0,47;;
20/02/2020 19:21;0,46;;
20/02/2020 19:26;0,46;;
20/02/2020 19:31;0,46;;
20/02/2020 19:37;0,46;;
20/02/2020 19:42;0,47;;
20/02/2020 19:47;0,47;;
20/02/2020 19:52;0,47;;
20/02/2020 19:57;0,47;;
20/02/2020 20:02;0,47;;
20/02/2020 20:07;0,47;;
20/02/2020 20:12;;;
20/02/2020 20:17;0,47;;
20/02/2020 20:22;0,47;;
20/02/2020 20:27;0,49;;
20/02/2020 20:32;0,47;;
20/02/2020 20:37;0,47;;
20/02/2020 20:42;0,48;;
20/02/2020 20:47;0,47;;
20/02/2020 20:52;0,47;;
20/02/2020 20:57;0,48;;
20/02/2020 21:02;0,47;;
20/02/2020 21:07;0,47;;
20/02/2020 21:12;0,47;;
20/02/2020 21:17;0,47;;
20/02/2020 21:22;0,47;;
20/02/2020 21:27;0,48;;
20/02/2020 21:32;0,47;;
20/02/2020 21:37;0,47;;
20/02/2020 21:42;0,48;;
20/02/2020 21:47;0,47;;
20/02/2020 21:52;0,49;;
20/02/2020 21:57;0,47;;
20/02/2020 22:02;0,48;;
20/02/2020 22:07;0,49;;
20/02/2020 22:12;0,47;;
20/02/2020 22:17;0,47;;
20/02/2020 22:22;0,48;;
20/02/2020 22:28;0,47;;
20/02/2020 22:33;0,48;;
20/02/2020 22:38;0,48;;
20/02/2020 22:43;0,48;;
20/02/2020 22:48;0,47;;
20/02/2020 22:53;0,48;;
20/02/2020 22:58;0,47;;
20/02/2020 23:03;0,47;;
20/02/2020 23:08;0,47;;
20/02/2020 23:13;0,47;;
20/02/2020 23:18;0,48;;
20/02/2020 23:23;0,47;;
20/02/2020 23:28;0,47;;
20/02/2020 23:33;;;
20/02/2020 23:38;0,48;;
20/02/2020 23:43;0,48;;
20/02/2020 23:48;;;
20/02/2020 23:53;0,48;;
20/02/2020 23:58;0,48;;
21/02/2020 0:03;0,49;;
21/02/2020 0:08;0,48;;
21/02/2020 0:13;0,56;;
21/02/2020 0:18;0,54;;
21/02/2020 0:23;0,53;;
21/02/2020 0:28;0,52;;
21/02/2020 0:33;0,52;;
21/02/2020 0:38;0,51;;
21/02/2020 0:43;0,51;;
21/02/2020 0:48;0,55;;
21/02/2020 0:53;;;
21/02/2020 0:58;0,55;;
21/02/2020 1:03;0,55;;
21/02/2020 1:08;0,57;;
21/02/2020 1:13;0,55;;
21/02/2020 1:19;0,56;;
21/02/2020 1:24;0,54;;
21/02/2020 1:29;0,56;;
21/02/2020 1:34;0,55;;
21/02/2020 1:39;0,55;;
21/02/2020 1:44;0,55;;
21/02/2020 1:49;0,54;;
21/02/2020 1:54;0,56;;
21/02/2020 1:59;0,54;;
21/02/2020 2:04;0,55;;
21/02/2020 2:09;0,55;;
21/02/2020 2:14;0,56;;
21/02/2020 2:19;;;
21/02/2020 2:24;0,58;;
21/02/2020 2:29;0,55;;
21/02/2020 2:34;0,56;;
21/02/2020 2:39;0,54;;
21/02/2020 2:44;0,56;;
21/02/2020 2:49;;;
21/02/2020 2:54;0,55;;
21/02/2020 2:59;0,57;;
21/02/2020 3:04;0,55;;
21/02/2020 3:09;0,57;;
21/02/2020 3:14;0,55;;
21/02/2020 3:19;0,57;;
21/02/2020 3:24;0,55;;
21/02/2020 3:29;0,55;;
21/02/2020 3:34;0,56;;
21/02/2020 3:39;;;
21/02/2020 3:44;0,55;;
21/02/2020 3:49;0,57;;
21/02/2020 3:54;0,56;;
21/02/2020 3:59;0,55;;
21/02/2020 4:04;;;
21/02/2020 4:09;0,55;;
21/02/2020 4:14;0,57;;
21/02/2020 4:20;0,56;;
21/02/2020 4:25;0,58;;
21/02/2020 4:30;;;
21/02/2020 4:35;0,55;;
21/02/2020 4:40;0,56;;
21/02/2020 4:45;0,54;;
21/02/2020 4:50;0,56;;
21/02/2020 4:55;0,55;;
21/02/2020 5:00;0,57;;
21/02/2020 5:05;0,57;;
21/02/2020 5:10;0,57;;
21/02/2020 5:15;0,57;;
21/02/2020 5:20;0,56;;
21/02/2020 5:25;0,55;;
21/02/2020 5:30;0,55;;
21/02/2020 5:35;;;
21/02/2020 5:40;0,56;;
21/02/2020 5:45;0,57;;
21/02/2020 5:50;0,56;;
21/02/2020 5:55;0,56;;
21/02/2020 6:00;;;
21/02/2020 6:05;0,56;;
21/02/2020 6:10;0,58;;
21/02/2020 6:15;0,55;;
21/02/2020 6:20;0,56;;
21/02/2020 6:25;0,57;;
21/02/2020 6:30;0,57;;
21/02/2020 6:35;0,57;;
21/02/2020 6:40;0,56;;
21/02/2020 6:45;0,57;;
21/02/2020 6:50;0,57;;
21/02/2020 6:55;0,57;;
21/02/2020 7:00;0,57;;
21/02/2020 7:05;0,57;;
21/02/2020 7:11;0,55;;
21/02/2020 7:16;0,57;;
21/02/2020 7:21;0,57;;
21/02/2020 7:26;0,57;;
21/02/2020 7:31;0,56;;
21/02/2020 7:36;0,55;;
21/02/2020 7:41;;;
21/02/2020 7:46;0,55;;
21/02/2020 7:51;0,56;;
21/02/2020 7:56;0,54;;
21/02/2020 8:01;0,56;;
21/02/2020 8:06;0,56;;
21/02/2020 8:11;0,53;;
21/02/2020 8:16;0,55;;
21/02/2020 8:21;0,53;;
21/02/2020 8:26;0,52;;
21/02/2020 8:31;0,51;;
21/02/2020 8:36;0,5;;
21/02/2020 8:41;0,5;;
21/02/2020 8:46;0,49;;
21/02/2020 8:51;0,48;;
21/02/2020 8:56;;;
21/02/2020 9:01;0,48;;
21/02/2020 9:06;0,47;;
21/02/2020 9:11;0,47;;
21/02/2020 9:16;0,47;;
21/02/2020 9:21;0,47;;
21/02/2020 9:26;0,47;;
21/02/2020 9:31;0,47;;
21/02/2020 9:36;0,46;;
21/02/2020 9:41;0,47;;
21/02/2020 9:46;0,46;;
21/02/2020 9:51;0,46;;
21/02/2020 9:56;0,46;;
21/02/2020 10:01;0,46;;
21/02/2020 10:06;;;
21/02/2020 10:12;0,46;;
21/02/2020 10:17;0,46;;
21/02/2020 10:22;0,48;;
21/02/2020 10:27;0,46;;
21/02/2020 10:32;0,46;;
21/02/2020 10:37;0,47;;
21/02/2020 10:42;0,46;;
21/02/2020 10:47;0,46;;
21/02/2020 10:52;0,46;;
21/02/2020 10:57;0,46;;
21/02/2020 11:02;0,46;;
21/02/2020 11:07;0,47;;
21/02/2020 11:12;0,46;;
21/02/2020 11:17;0,45;;
21/02/2020 11:22;0,46;;
21/02/2020 11:27;0,46;;
21/02/2020 11:32;0,45;;
21/02/2020 11:37;0,45;;
21/02/2020 11:42;0,46;;
21/02/2020 11:47;0,46;;
21/02/2020 11:52;0,45;;
21/02/2020 11:57;0,45;;
21/02/2020 12:02;0,46;;
21/02/2020 12:07;0,46;;
21/02/2020 12:12;0,46;;
21/02/2020 12:17;0,45;;
21/02/2020 12:22;0,46;;
21/02/2020 12:27;0,45;;
21/02/2020 12:32;0,46;;
21/02/2020 12:37;0,45;;
21/02/2020 12:42;0,45;;
21/02/2020 12:47;0,45;;
21/02/2020 12:52;0,45;;
21/02/2020 12:57;;;
21/02/2020 13:03;0,46;;
21/02/2020 13:08;0,45;;
21/02/2020 13:13;0,46;;
21/02/2020 13:18;0,45;;
21/02/2020 13:23;0,45;;
21/02/2020 13:28;0,46;;
21/02/2020 13:33;0,45;;
21/02/2020 13:38;0,45;;
21/02/2020 13:43;0,45;;
21/02/2020 13:48;0,45;;
21/02/2020 13:53;0,44;;
21/02/2020 13:58;0,44;;
21/02/2020 14:03;0,45;;
21/02/2020 14:08;0,44;;
21/02/2020 14:13;0,45;;
21/02/2020 14:18;0,45;;
21/02/2020 14:23;0,45;;
21/02/2020 14:28;0,45;;
21/02/2020 14:33;0,45;;
21/02/2020 14:38;0,46;;
21/02/2020 14:43;0,45;;
21/02/2020 14:48;0,45;;
21/02/2020 14:53;0,46;;
21/02/2020 14:58;0,45;;
21/02/2020 15:03;0,45;;
21/02/2020 15:08;0,46;;
21/02/2020 15:13;0,45;;
21/02/2020 15:18;0,45;;
21/02/2020 15:23;0,46;;
21/02/2020 15:28;0,46;;
21/02/2020 15:33;0,46;;
21/02/2020 15:38;0,46;;
13/08/2020 22:15;0,57;;
13/08/2020 22:20;0,58;;
13/08/2020 22:25;0,57;;
13/08/2020 22:30;0,58;;
13/08/2020 22:35;0,58;;
13/08/2020 22:40;0,58;;
13/08/2020 22:45;0,58;;
13/08/2020 22:50;0,58;;
13/08/2020 22:55;0,57;;
13/08/2020 23:00;0,58;;
13/08/2020 23:05;0,58;;
13/08/2020 23:10;0,59;;
13/08/2020 23:15;0,58;;
13/08/2020 23:20;0,58;;
13/08/2020 23:25;0,58;;
13/08/2020 23:30;0,59;;
13/08/2020 23:35;0,58;;
13/08/2020 23:40;0,59;;
13/08/2020 23:46;0,58;;
13/08/2020 23:51;0,59;;
13/08/2020 23:56;0,59;;
14/08/2020 0:01;0,59;;
14/08/2020 0:06;;;
14/08/2020 0:11;;;
14/08/2020 0:16;;;
14/08/2020 0:21;;;
14/08/2020 0:26;0,62;;
14/08/2020 0:31;0,6;;
14/08/2020 0:36;0,6;;
14/08/2020 0:41;0,59;;
14/08/2020 0:46;0,58;;
14/08/2020 0:51;0,59;;
14/08/2020 0:56;0,59;;
14/08/2020 1:01;0,59;;
14/08/2020 1:06;0,6;;
14/08/2020 1:11;0,59;;0,47
14/08/2020 1:16;0,59;;
14/08/2020 1:21;0,59;;
14/08/2020 1:26;0,59;;
14/08/2020 1:31;0,59;;
14/08/2020 1:36;0,59;;
14/08/2020 1:41;0,6;;
14/08/2020 1:46;0,59;;
14/08/2020 1:51;0,61;;
14/08/2020 1:56;0,58;;
14/08/2020 2:01;0,6;;
14/08/2020 2:06;0,59;;
14/08/2020 2:11;0,59;;
14/08/2020 2:16;0,59;;
14/08/2020 2:21;0,59;;
14/08/2020 2:26;0,58;;
14/08/2020 2:31;0,59;;
14/08/2020 2:36;;;
14/08/2020 2:42;;;0,45
14/08/2020 2:47;;;
14/08/2020 2:52;;;
14/08/2020 2:57;0,6;;
14/08/2020 3:02;0,59;;0,5
14/08/2020 3:07;0,6;;
14/08/2020 3:12;0,59;;
14/08/2020 3:17;0,6;;
14/08/2020 3:22;0,59;;
14/08/2020 3:27;0,59;;
14/08/2020 3:32;0,58;;
14/08/2020 3:37;0,59;;0,42
14/08/2020 3:42;0,58;;
14/08/2020 3:47;0,57;;
14/08/2020 3:52;0,59;;
14/08/2020 3:57;0,58;;
14/08/2020 4:02;0,58;;
14/08/2020 4:07;0,58;;
14/08/2020 4:12;0,58;;
14/08/2020 4:17;0,58;;
14/08/2020 4:22;0,58;;
14/08/2020 4:27;0,58;;
14/08/2020 4:32;0,58;;
14/08/2020 4:37;0,58;;
14/08/2020 4:42;0,59;;
14/08/2020 4:47;0,58;;
14/08/2020 4:52;0,58;;
14/08/2020 4:57;;;
14/08/2020 5:02;;;
14/08/2020 5:08;;;0,39
14/08/2020 5:13;;;
14/08/2020 5:18;0,6;;
14/08/2020 5:23;0,6;;
14/08/2020 5:28;0,59;;
14/08/2020 5:33;0,59;;
14/08/2020 5:38;0,6;;
14/08/2020 5:43;0,59;;
14/08/2020 5:48;0,59;;
14/08/2020 5:53;0,59;;0,47
14/08/2020 5:58;0,59;;
14/08/2020 6:03;0,58;;
14/08/2020 6:08;0,59;;
14/08/2020 6:13;0,59;;
14/08/2020 6:18;0,58;;0,47
14/08/2020 6:23;0,59;;
14/08/2020 6:28;0,59;;
14/08/2020 6:33;0,59;;
14/08/2020 6:39;0,59;;0,45
14/08/2020 6:44;0,58;;
14/08/2020 6:49;0,58;;
14/08/2020 6:54;0,59;;0,61
14/08/2020 6:59;0,58;;
14/08/2020 7:04;;;
14/08/2020 7:09;;;
14/08/2020 7:14;;;
14/08/2020 7:19;;;
14/08/2020 7:24;0,62;;
14/08/2020 7:29;0,61;;
14/08/2020 7:34;0,59;;0,47
14/08/2020 7:39;0,6;;
14/08/2020 7:44;0,6;;
14/08/2020 7:49;0,6;;
14/08/2020 7:54;0,6;;
14/08/2020 7:59;0,58;;
14/08/2020 8:04;0,6;;
14/08/2020 8:09;0,6;;
14/08/2020 8:14;0,59;;
14/08/2020 8:19;0,59;;
14/08/2020 8:24;0,59;;
14/08/2020 8:29;0,59;;
14/08/2020 8:34;0,59;;
14/08/2020 8:39;0,58;;0,47
14/08/2020 8:44;0,58;;
14/08/2020 8:49;0,58;;
14/08/2020 8:54;0,59;;
14/08/2020 8:59;0,59;;
4/10/2020 18:40;0,63;;
27/10/2020 2:05;0,52;;
27/10/2020 2:10;0,52;;
27/10/2020 2:15;0,52;;
27/10/2020 2:20;0,52;;
27/10/2020 2:25;;;
27/10/2020 2:30;;;0,36
27/10/2020 2:35;;;
27/10/2020 2:40;0,55;;
27/10/2020 2:45;0,53;;
27/10/2020 2:50;0,53;;0,36
27/10/2020 2:55;0,52;;
27/10/2020 3:00;0,51;;
27/10/2020 3:05;0,52;;
27/10/2020 3:10;0,52;;
27/10/2020 3:15;0,52;;
27/10/2020 3:20;0,52;;
27/10/2020 3:25;0,53;;
27/10/2020 3:30;0,52;;
27/10/2020 3:35;0,52;;0,36
27/10/2020 3:40;0,52;;
27/10/2020 3:45;0,52;;
27/10/2020 3:50;0,52;;
27/10/2020 3:55;0,52;;
27/10/2020 4:00;0,52;;0,36
27/10/2020 4:05;0,51;;
27/10/2020 4:10;0,52;;
27/10/2020 4:15;0,52;;
27/10/2020 4:20;0,52;;1,26
27/10/2020 4:25;0,52;;
27/10/2020 4:30;0,53;;
27/10/2020 4:35;0,52;;
27/10/2020 4:40;0,52;;
27/10/2020 4:45;0,52;;
27/10/2020 4:50;0,52;;
27/10/2020 4:56;;;
27/10/2020 5:01;;;
27/10/2020 5:06;0,56;;0,34
27/10/2020 5:11;0,53;;
27/10/2020 5:16;0,52;;
27/10/2020 5:21;0,52;;
27/10/2020 5:26;0,52;;
27/10/2020 5:31;0,52;;
27/10/2020 5:36;0,52;;
27/10/2020 5:41;0,53;;
27/10/2020 5:46;0,51;;
27/10/2020 5:51;0,52;;0,36
27/10/2020 5:56;0,52;;
27/10/2020 6:03;0,52;;0,34
27/10/2020 6:08;0,52;;
27/10/2020 6:13;;;
27/10/2020 6:18;;;
27/10/2020 6:23;;;
27/10/2020 6:28;;;
27/10/2020 6:33;0,53;;
27/10/2020 6:38;0,52;;
18/12/2020 14:52;0,54;;
18/12/2020 14:57;0,54;;0,39
18/12/2020 15:02;0,53;;
18/12/2020 15:07;0,52;;
18/12/2020 15:12;0,53;;
18/12/2020 15:17;;;
18/12/2020 15:43;;;
18/12/2020 15:48;;;
18/12/2020 15:54;;;
18/12/2020 15:59;;;
18/12/2020 16:04;;;
18/12/2020 16:10;;;
18/12/2020 16:15;;;
18/12/2020 16:21;;;
18/12/2020 16:26;;;
18/12/2020 16:32;;;
18/12/2020 16:37;;;
18/12/2020 16:43;;;
18/12/2020 16:48;;;
18/12/2020 16:53;;;
18/12/2020 16:59;;;
18/12/2020 17:04;;;0,87
18/12/2020 17:09;;;0,92
18/12/2020 17:14;0,47;;0,92
18/12/2020 17:19;0,51;;0,92
18/12/2020 17:24;0,52;;0,92
18/12/2020 17:29;0,49;;0,92
18/12/2020 17:34;0,49;;0,92
18/12/2020 17:40;0,47;;0,92
18/12/2020 17:45;0,47;;0,87
18/12/2020 17:50;0,49;;0,84
18/12/2020 17:55;0,49;;0,87
18/12/2020 18:00;0,49;;0,95
18/12/2020 18:05;0,49;;0,84
18/12/2020 18:10;0,49;;0,89
18/12/2020 18:15;0,49;;0,87
18/12/2020 18:20;0,47;;0,84
18/12/2020 18:25;0,49;;0,89
18/12/2020 18:30;0,49;;0,89
18/12/2020 18:35;0,48;;0,89
18/12/2020 18:40;0,48;;0,84
18/12/2020 18:45;0,48;;0,89
18/12/2020 18:50;;;0,89
18/12/2020 18:55;;;0,87
18/12/2020 19:00;;;0,84
18/12/2020 19:05;;;0,84
18/12/2020 19:10;;;0,98
18/12/2020 19:15;;;0,92
18/12/2020 19:20;;;0,87
18/12/2020 19:25;0,53;;0,95
18/12/2020 19:30;;;0,81
18/12/2020 19:35;;;0,95
18/12/2020 19:40;;;0,87
18/12/2020 19:45;;;0,84
18/12/2020 19:50;;;0,87
18/12/2020 19:55;;;0,87
18/12/2020 20:00;;;0,89
18/12/2020 20:05;;;0,89
18/12/2020 20:10;;;0,89
18/12/2020 20:15;;;0,92
18/12/2020 20:20;;;0,84
18/12/2020 20:25;;;0,89
18/12/2020 20:30;;;0,95
18/12/2020 20:36;;;0,98
18/12/2020 20:41;;;0,92
18/12/2020 20:46;;;0,92
18/12/2020 20:51;;;0,84
18/12/2020 20:56;;;0,87
18/12/2020 21:01;;;0,87
18/12/2020 21:06;;;0,89
18/12/2020 21:11;;;0,87
18/12/2020 21:16;;;0,87
18/12/2020 21:21;;;0,84
18/12/2020 21:26;;;0,89
18/12/2020 21:31;;;0,87
18/12/2020 21:36;;;0,89
18/12/2020 21:41;;;0,87
18/12/2020 21:46;;;0,89
18/12/2020 21:51;;;0,87
18/12/2020 21:56;;;0,81
18/12/2020 22:01;;;0,89
18/12/2020 22:06;;;0,84
18/12/2020 22:11;;;0,89
18/12/2020 22:16;;;0,92
18/12/2020 22:21;;;0,84
18/12/2020 22:26;;;0,89
18/12/2020 22:31;;;0,87
18/12/2020 22:36;;;0,92
18/12/2020 22:41;;;0,89
18/12/2020 22:46;;;0,87
18/12/2020 22:51;;;0,87
18/12/2020 22:56;;;0,89
18/12/2020 23:01;;;0,95
18/12/2020 23:06;;;0,95
18/12/2020 23:11;;;0,89
18/12/2020 23:16;;;0,89
18/12/2020 23:21;;;0,87
18/12/2020 23:27;;;0,89
18/12/2020 23:32;;;0,84
18/12/2020 23:37;;;0,92
18/12/2020 23:42;;;0,87
18/12/2020 23:47;;;0,87
18/12/2020 23:52;;;0,89
18/12/2020 23:57;;;0,92
19/12/2020 0:02;;;0,89
19/12/2020 0:07;;;0,84
19/12/2020 0:12;;;0,89
19/12/2020 0:17;;;0,92
19/12/2020 0:22;;;0,95
19/12/2020 0:27;;;0,84
19/12/2020 0:32;;;0,87
19/12/2020 0:37;;;0,89
19/12/2020 0:42;;;0,87
19/12/2020 0:47;;;0,89
19/12/2020 0:52;;;0,92
19/12/2020 0:57;;;0,87
19/12/2020 1:02;;;0,89
19/12/2020 1:07;;;0,87
19/12/2020 1:12;;;0,92
19/12/2020 1:17;;;0,89
19/12/2020 1:22;;;0,87
19/12/2020 1:27;;;0,89
19/12/2020 1:32;;;0,95
19/12/2020 1:37;;;0,95
19/12/2020 1:42;;;0,81
19/12/2020 1:47;;;0,92
19/12/2020 1:52;;;0,89
19/12/2020 1:57;;;0,84
19/12/2020 2:02;;;0,92
19/12/2020 2:07;;;0,92
19/12/2020 2:12;;;0,87
19/12/2020 2:18;;;0,84
19/12/2020 2:23;;;0,87
19/12/2020 2:28;;;0,87
19/12/2020 2:33;;;0,87
19/12/2020 2:38;;;0,87
19/12/2020 2:43;;;0,84
19/12/2020 2:48;;;0,87
19/12/2020 2:53;;;0,87
19/12/2020 2:58;;;0,89
19/12/2020 3:03;;;0,84
19/12/2020 3:08;;;0,87
19/12/2020 3:13;;;0,84
19/12/2020 3:18;;;0,98
19/12/2020 3:23;;;0,84
19/12/2020 3:28;;;0,92
19/12/2020 3:33;;;0,89
19/12/2020 3:38;;;0,89
19/12/2020 3:43;;;0,89
19/12/2020 3:48;;;0,95
19/12/2020 3:53;;;0,98
19/12/2020 3:58;;;0,89
19/12/2020 4:03;;;0,84
19/12/2020 4:08;;;0,92
19/12/2020 4:13;;;0,87
19/12/2020 4:18;;;0,87
19/12/2020 4:23;;;0,92
19/12/2020 4:28;;;0,87
19/12/2020 4:33;;;0,89
19/12/2020 4:38;;;0,87
19/12/2020 4:43;;;0,92
19/12/2020 4:48;;;0,89
19/12/2020 4:53;;;0,89
19/12/2020 4:58;;;0,84
19/12/2020 5:03;;;0,89
19/12/2020 5:08;;;0,84
19/12/2020 5:14;;;0,81
19/12/2020 5:19;;;0,89
19/12/2020 5:24;;;0,89
19/12/2020 5:29;;;0,92
19/12/2020 5:34;;;0,84
19/12/2020 5:39;;;0,89
19/12/2020 5:44;;;0,95
19/12/2020 5:49;;;0,84
19/12/2020 5:54;;;0,89
19/12/2020 5:59;;;0,87
19/12/2020 8:50;;;0,89
19/12/2020 8:55;;;0,95
19/12/2020 9:00;;;0,89
19/12/2020 9:05;;;0,89
19/12/2020 9:10;0,46;;
19/12/2020 9:15;0,47;;0,87
19/12/2020 9:20;0,47;;0,87
19/12/2020 9:25;0,45;;0,89
19/12/2020 9:30;;;0,89
19/12/2020 9:35;;;0,81
19/12/2020 9:40;;;0,84
19/12/2020 9:45;;;0,92
19/12/2020 9:50;;;0,87
19/12/2020 9:55;;;0,87
19/12/2020 10:00;;;0,92
19/12/2020 10:05;;;0,92
19/12/2020 10:11;;;0,84
19/12/2020 10:16;;;0,87
19/12/2020 10:21;0,46;;
19/12/2020 10:26;0,46;;0,89
19/12/2020 10:31;;;0,87
19/12/2020 10:36;0,45;;0,87
19/12/2020 10:41;0,45;;0,84
19/12/2020 10:46;0,43;;0,81
19/12/2020 10:51;0,45;;0,87
19/12/2020 10:56;0,45;;0,84
19/12/2020 11:01;0,43;;0,84
19/12/2020 11:06;0,45;;0,84
19/12/2020 11:11;0,44;;0,92
19/12/2020 11:16;0,45;;0,87
19/12/2020 11:21;0,44;;0,92
19/12/2020 11:26;;;0,92
19/12/2020 11:31;0,45;;0,92
19/12/2020 11:36;0,43;;0,89
19/12/2020 11:41;0,45;;0,87
19/12/2020 11:46;;;0,89
19/12/2020 11:51;0,42;;0,89
19/12/2020 11:56;0,41;;0,89
19/12/2020 12:01;0,4;;0,84
19/12/2020 12:06;0,38;;0,89
19/12/2020 12:11;0,38;;0,87
19/12/2020 12:16;0,44;;0,89
19/12/2020 12:21;0,42;;0,89
19/12/2020 12:26;0,41;;0,84
19/12/2020 12:31;0,46;;0,89
19/12/2020 12:36;0,44;;0,87
19/12/2020 12:41;0,45;;0,87
19/12/2020 12:46;0,45;;0,92
19/12/2020 12:51;0,43;;0,84
19/12/2020 12:56;;;0,87
19/12/2020 13:01;0,44;;0,89
19/12/2020 13:07;;;0,84
19/12/2020 13:12;;;
19/12/2020 13:17;0,44;;0,92
19/12/2020 13:22;0,44;;0,87
19/12/2020 13:27;0,45;;0,84
19/12/2020 13:32;;;0,89
19/12/2020 13:37;0,47;;
19/12/2020 13:42;;;0,89
19/12/2020 13:47;;;0,89
19/12/2020 13:52;;;0,87
19/12/2020 13:57;;;0,92
19/12/2020 14:02;;;0,92
19/12/2020 14:07;;;0,89
19/12/2020 14:12;;;0,89
19/12/2020 14:17;;;0,89
19/12/2020 14:22;;;0,89
19/12/2020 14:27;;;0,87
19/12/2020 14:32;;;0,95
19/12/2020 14:37;;;0,89
19/12/2020 14:42;0,42;;0,89
19/12/2020 14:47;0,44;;0,81
19/12/2020 14:52;0,44;;0,89
19/12/2020 14:57;0,45;;0,87
19/12/2020 15:02;0,44;;0,92
19/12/2020 15:07;0,45;;0,81
19/12/2020 15:12;0,44;;0,89
19/12/2020 15:17;0,42;;0,89
19/12/2020 15:22;0,46;;0,89
19/12/2020 15:27;0,45;;0,89
19/12/2020 15:32;0,46;;0,87
19/12/2020 15:37;0,46;;0,92
19/12/2020 15:42;0,46;;0,87
19/12/2020 15:47;0,45;;0,87
19/12/2020 15:52;0,44;;0,92
19/12/2020 15:58;0,45;;0,89
19/12/2020 16:03;0,47;;0,84
19/12/2020 16:08;0,43;;0,92
19/12/2020 16:13;0,47;;0,98
19/12/2020 16:18;0,46;;0,84
19/12/2020 16:23;0,45;;0,84
19/12/2020 16:28;;;0,87
19/12/2020 16:33;;;0,98
19/12/2020 16:38;;;0,89
19/12/2020 16:43;;;
19/12/2020 16:48;;;0,89
19/12/2020 16:53;0,46;;0,81
19/12/2020 16:58;0,46;;0,84
19/12/2020 17:03;0,45;;0,87
19/12/2020 17:08;0,46;;0,89
19/12/2020 17:13;;;0,87
19/12/2020 17:18;;;0,81
19/12/2020 17:23;0,44;;
19/12/2020 17:28;;;0,95
19/12/2020 17:33;;;0,81
19/12/2020 17:38;;;0,81
19/12/2020 17:43;;;0,84
19/12/2020 17:48;;;0,92
19/12/2020 17:53;;;0,78
19/12/2020 17:58;;;0,89
19/12/2020 18:03;;;0,81
19/12/2020 18:08;;;0,92
19/12/2020 18:13;;;0,89
19/12/2020 18:18;;;0,89
19/12/2020 18:23;;;0,84
19/12/2020 18:28;;;0,98
19/12/2020 18:33;;;0,92
19/12/2020 18:38;;;0,87
19/12/2020 18:43;;;0,84
19/12/2020 18:48;;;0,89
19/12/2020 18:54;;;0,92
19/12/2020 18:59;;;0,84
19/12/2020 19:04;;;0,89
19/12/2020 19:09;;;0,89
19/12/2020 19:14;;;0,87
19/12/2020 19:19;;;0,87
19/12/2020 19:24;;;0,84
19/12/2020 19:29;;;0,89
19/12/2020 19:34;;;0,84
19/12/2020 19:39;;;0,84
19/12/2020 19:44;;;0,84
19/12/2020 19:49;;;0,87
19/12/2020 19:54;;;0,87
19/12/2020 19:59;;;0,87
19/12/2020 20:04;;;0,89
19/12/2020 20:09;;;0,81
19/12/2020 20:14;;;0,84
19/12/2020 20:19;;;0,81
19/12/2020 20:24;;;0,89
19/12/2020 20:29;;;0,84
19/12/2020 20:34;;;0,87
19/12/2020 20:39;;;0,84
19/12/2020 20:44;;;0,84
19/12/2020 20:49;;;0,95
19/12/2020 20:54;;;0,89
19/12/2020 20:59;;;0,87
19/12/2020 21:04;;;0,92
19/12/2020 21:09;;;0,87
19/12/2020 21:14;;;0,89
19/12/2020 21:19;;;0,84
19/12/2020 21:24;;;0,81
19/12/2020 21:29;;;0,92
19/12/2020 21:34;;;0,89
19/12/2020 21:39;;;0,92
19/12/2020 21:45;;;0,89
19/12/2020 21:50;;;0,87
19/12/2020 21:55;;;0,81
19/12/2020 22:00;;;0,92
19/12/2020 22:05;;;0,87
19/12/2020 22:10;;;0,89
19/12/2020 22:15;;;
19/12/2020 22:20;;;0,92
19/12/2020 22:25;;;0,89
19/12/2020 22:30;;;0,87
19/12/2020 22:35;;;0,81
19/12/2020 22:40;;;0,89
19/12/2020 22:45;;;0,89
19/12/2020 22:50;;;0,92
19/12/2020 22:55;;;0,84
19/12/2020 23:00;;;0,81
19/12/2020 23:05;;;0,84
19/12/2020 23:10;;;0,89
19/12/2020 23:15;;;0,89
19/12/2020 23:20;;;0,84
19/12/2020 23:25;;;0,84
19/12/2020 23:30;;;0,89
19/12/2020 23:35;;;0,92
19/12/2020 23:40;;;0,81
19/12/2020 23:45;;;0,87
19/12/2020 23:50;;;0,84
19/12/2020 23:55;;;0,89
20/12/2020 9:02;0,49;;0,92
20/12/2020 9:07;0,47;;0,87
20/12/2020 9:12;0,44;;0,87
20/12/2020 9:17;0,46;;0,87
20/12/2020 9:22;;;0,89
20/12/2020 9:27;;;0,89
20/12/2020 9:32;;;0,84
20/12/2020 9:37;0,44;;0,95
20/12/2020 9:42;;;0,92
20/12/2020 9:48;;;0,87
20/12/2020 9:53;;;0,84
20/12/2020 9:58;;;0,89
20/12/2020 10:03;;;0,84
20/12/2020 10:08;0,44;;0,87
20/12/2020 10:13;0,46;;0,95
20/12/2020 10:18;;;0,81
20/12/2020 10:23;;;0,89
20/12/2020 10:28;0,46;;0,89
20/12/2020 10:33;0,43;;0,81
20/12/2020 10:38;0,44;;0,87
20/12/2020 10:43;;;0,87
20/12/2020 10:48;0,45;;0,81
20/12/2020 10:53;0,41;;0,84
20/12/2020 10:58;0,4;;0,89
20/12/2020 11:03;0,4;;0,89
20/12/2020 11:08;0,42;;0,84
20/12/2020 11:13;0,4;;0,84
20/12/2020 11:18;0,44;;0,87
20/12/2020 11:23;0,43;;0,87
20/12/2020 11:28;0,41;;
20/12/2020 11:33;0,41;;0,87
20/12/2020 11:38;0,4;;0,78
20/12/2020 11:43;;;
20/12/2020 11:48;;;0,87
20/12/2020 11:53;0,44;;0,92
20/12/2020 11:58;0,43;;0,84
20/12/2020 12:03;0,43;;0,87
20/12/2020 12:08;0,44;;0,89
20/12/2020 12:13;;;0,87
20/12/2020 12:18;;;0,87
20/12/2020 12:23;0,44;;0,89
20/12/2020 12:28;0,42;;0,84
20/12/2020 12:33;0,4;;0,89
20/12/2020 12:38;0,39;;0,87
20/12/2020 12:44;0,39;;0,84
20/12/2020 12:49;0,42;;0,81
20/12/2020 12:54;0,41;;
20/12/2020 12:59;0,44;;0,95
20/12/2020 13:04;0,44;;0,84
20/12/2020 13:09;0,44;;0,89
20/12/2020 13:14;0,41;;0,89
20/12/2020 13:19;0,44;;0,87
20/12/2020 13:24;0,44;;0,89
20/12/2020 13:29;0,44;;0,87
20/12/2020 13:34;0,44;;0,81
20/12/2020 13:39;0,42;;0,84
20/12/2020 13:44;;;0,81
20/12/2020 13:49;;;0,87
20/12/2020 13:54;;;0,84
20/12/2020 13:59;;;0,78
20/12/2020 14:04;;;0,87
20/12/2020 14:09;;;0,92
20/12/2020 14:14;;;0,89
20/12/2020 14:19;;;0,84
20/12/2020 14:24;;;0,81
20/12/2020 14:29;;;0,81
20/12/2020 14:34;0,47;;0,84
20/12/2020 14:39;0,43;;0,89
20/12/2020 14:44;;;0,84
20/12/2020 14:49;;;0,84
20/12/2020 14:54;;;
20/12/2020 14:59;;;0,78
20/12/2020 15:04;0,5;;0,84
20/12/2020 15:09;0,48;;1,01
20/12/2020 15:14;0,46;;0,89
20/12/2020 15:19;0,46;;0,89
20/12/2020 15:24;0,46;;0,87
20/12/2020 15:29;0,46;;0,89
20/12/2020 15:34;0,46;;0,92
20/12/2020 15:40;0,47;;0,87
20/12/2020 15:45;0,46;;0,92
20/12/2020 15:50;0,48;;0,87
20/12/2020 15:55;0,47;;0,87
20/12/2020 16:00;0,45;;0,84
20/12/2020 16:05;0,45;;0,87
20/12/2020 16:10;0,47;;0,87
20/12/2020 16:15;0,46;;0,84
20/12/2020 16:20;0,47;;0,84
20/12/2020 16:25;0,47;;0,89
20/12/2020 16:30;0,47;;0,89
20/12/2020 16:35;0,47;;0,92
20/12/2020 16:40;0,46;;0,89
20/12/2020 16:45;0,47;;0,84
20/12/2020 16:50;0,44;;0,89
20/12/2020 16:55;;;0,87
20/12/2020 17:00;;;0,87
20/12/2020 17:05;;;0,89
20/12/2020 17:10;;;0,89
20/12/2020 17:15;;;0,89
20/12/2020 17:20;;;0,84
20/12/2020 17:25;;;0,84
20/12/2020 17:30;;;0,81
20/12/2020 17:35;;;0,81
20/12/2020 17:40;;;0,84
20/12/2020 17:45;;;0,84
20/12/2020 17:50;;;0,78
20/12/2020 17:55;;;0,92
20/12/2020 18:00;;;0,84
20/12/2020 18:06;;;0,87
20/12/2020 18:11;;;0,84
20/12/2020 18:16;;;0,84
20/12/2020 18:21;;;0,87
20/12/2020 18:26;;;0,89
20/12/2020 18:31;;;0,84
20/12/2020 18:36;;;0,84
20/12/2020 18:41;;;0,84
20/12/2020 18:46;;;0,89
20/12/2020 18:51;;;0,84
20/12/2020 18:56;;;0,87
20/12/2020 19:01;;;0,81
20/12/2020 19:06;;;0,84
20/12/2020 19:11;;;0,84
20/12/2020 19:16;;;
20/12/2020 19:21;;;0,81
20/12/2020 19:26;;;0,78
20/12/2020 19:31;;;0,87
20/12/2020 19:36;;;0,89
20/12/2020 19:41;;;0,89
20/12/2020 19:46;;;0,78
20/12/2020 19:51;;;0,87
20/12/2020 19:56;;;0,87
20/12/2020 20:01;;;0,89
20/12/2020 20:06;;;0,84
20/12/2020 20:11;;;0,87
20/12/2020 20:16;;;0,87
20/12/2020 20:21;;;
20/12/2020 20:26;;;0,89
20/12/2020 20:31;;;0,78
20/12/2020 20:36;;;0,84
20/12/2020 20:41;;;0,87
20/12/2020 20:46;;;0,84
20/12/2020 20:51;;;0,89
20/12/2020 20:56;;;0,89
20/12/2020 21:02;;;0,87
20/12/2020 21:07;;;0,87
20/12/2020 21:12;;;0,87
20/12/2020 21:17;;;0,81
20/12/2020 21:22;;;0,92
20/12/2020 21:27;;;0,92
20/12/2020 21:32;;;0,92
20/12/2020 21:37;;;0,84
20/12/2020 21:42;;;0,87
20/12/2020 21:47;;;0,81
20/12/2020 21:52;;;0,87
20/12/2020 21:57;;;0,78
20/12/2020 22:02;;;0,81
20/12/2020 22:07;;;0,75
20/12/2020 22:12;;;0,89
20/12/2020 22:17;;;0,87
20/12/2020 22:22;;;0,84
20/12/2020 22:27;;;0,87
20/12/2020 22:32;;;0,89
20/12/2020 22:37;;;0,87
20/12/2020 22:42;;;0,92
21/12/2020 8:26;;;0,92
21/12/2020 8:31;;;0,84
21/12/2020 8:36;;;0,84
21/12/2020 8:41;;;0,89
21/12/2020 8:46;;;1,01
21/12/2020 8:51;;;0,95
21/12/2020 8:56;0,46;;0,87
21/12/2020 9:01;0,43;;0,92
21/12/2020 9:06;0,43;;0,87
21/12/2020 9:11;0,42;;0,89
21/12/2020 9:16;0,44;;0,92
21/12/2020 9:21;0,44;;0,89
21/12/2020 9:26;0,43;;0,84
21/12/2020 9:31;0,42;;0,89
21/12/2020 9:36;0,41;;0,87
21/12/2020 9:41;0,4;;0,87
21/12/2020 9:46;0,43;;0,87
21/12/2020 9:51;0,41;;0,87
21/12/2020 9:56;0,43;;0,87
21/12/2020 10:01;0,43;;0,87
21/12/2020 10:06;0,41;;0,89
21/12/2020 10:11;0,41;;0,87
21/12/2020 10:16;;;0,87
21/12/2020 10:21;;;0,81
21/12/2020 10:26;;;0,89
21/12/2020 10:31;;;0,89
21/12/2020 10:36;0,41;;0,84
21/12/2020 10:41;0,4;;0,87
21/12/2020 10:46;0,42;;0,89
21/12/2020 10:51;0,41;;0,87
21/12/2020 10:56;0,39;;0,87
21/12/2020 11:01;0,38;;0,89
21/12/2020 11:06;0,38;;0,84
21/12/2020 11:11;0,37;;0,87
21/12/2020 11:17;0,37;;0,81
21/12/2020 11:22;0,36;;0,81
21/12/2020 11:27;;;0,81
21/12/2020 11:32;;;0,87
21/12/2020 11:37;;;0,98
21/12/2020 11:42;;;0,89
21/12/2020 11:47;0,36;;0,87
21/12/2020 11:52;;;0,87
21/12/2020 11:57;;;0,84
21/12/2020 12:02;;;0,84
21/12/2020 12:07;;;0,87
21/12/2020 12:12;;;0,87
21/12/2020 12:17;;;0,95
21/12/2020 12:22;;;0,95
21/12/2020 12:27;;;0,92
21/12/2020 12:32;;;0,87
21/12/2020 12:37;;;0,81
21/12/2020 12:42;;;0,84
21/12/2020 12:47;;;0,89
21/12/2020 12:52;;;0,89
21/12/2020 12:57;;;0,78
21/12/2020 13:02;0,42;;0,84
21/12/2020 13:07;0,42;;0,87
21/12/2020 13:12;0,43;;0,87
21/12/2020 13:17;0,41;;0,84
21/12/2020 13:22;0,4;;0,87
21/12/2020 13:27;0,42;;0,81
21/12/2020 13:32;0,45;;0,89
21/12/2020 13:37;0,44;;0,92
21/12/2020 13:42;0,43;;0,92
21/12/2020 13:47;0,44;;0,84
21/12/2020 13:52;0,43;;0,87
21/12/2020 13:57;0,45;;0,89
21/12/2020 14:03;0,44;;0,81
21/12/2020 14:08;0,44;;0,92
21/12/2020 14:13;0,43;;0,84
21/12/2020 14:18;0,43;;0,84
21/12/2020 14:23;0,43;;0,81
21/12/2020 14:28;0,43;;0,78
21/12/2020 14:33;0,44;;0,84
21/12/2020 14:38;0,44;;0,89
21/12/2020 14:43;0,45;;0,89
21/12/2020 14:48;0,43;;0,84
21/12/2020 14:53;;;0,84
21/12/2020 14:58;;;0,87
21/12/2020 15:03;;;0,87
21/12/2020 15:08;;;0,81
21/12/2020 15:13;;;0,84
21/12/2020 15:18;0,46;;0,89
21/12/2020 15:23;0,45;;0,87
21/12/2020 15:28;0,46;;0,92
21/12/2020 15:33;0,46;;0,81
21/12/2020 15:38;0,44;;0,87
21/12/2020 15:43;0,44;;0,84
21/12/2020 15:48;;;0,84
21/12/2020 15:53;;;0,84
21/12/2020 15:58;;;0,92
21/12/2020 16:03;;;0,84
21/12/2020 16:08;;;0,81
21/12/2020 16:13;;;0,89
21/12/2020 16:18;;;0,84
21/12/2020 16:23;;;0,84
21/12/2020 16:28;;;
21/12/2020 16:33;;;0,92
21/12/2020 16:38;;;0,87
21/12/2020 16:43;;;0,92
21/12/2020 16:49;;;0,81
21/12/2020 16:54;;;0,84
21/12/2020 16:59;;;0,84
21/12/2020 17:04;;;0,87
21/12/2020 17:09;;;0,87
21/12/2020 17:14;;;0,81
21/12/2020 17:19;;;0,89
21/12/2020 17:24;;;0,84
21/12/2020 17:29;;;0,84
21/12/2020 17:34;;;0,84
21/12/2020 17:39;;;0,92
21/12/2020 17:44;;;0,89
21/12/2020 17:49;;;0,84
21/12/2020 17:54;;;0,92
21/12/2020 17:59;;;0,89
21/12/2020 18:04;;;0,84
21/12/2020 18:09;;;0,84
21/12/2020 18:14;;;0,87
21/12/2020 18:19;;;0,87
21/12/2020 18:24;;;0,78
21/12/2020 18:29;;;0,84
21/12/2020 18:34;;;0,84
21/12/2020 18:39;;;0,84
21/12/2020 18:44;;;0,81
21/12/2020 18:49;;;0,84
21/12/2020 18:54;;;0,89
21/12/2020 18:59;;;0,89
21/12/2020 19:04;;;0,78
21/12/2020 19:09;;;0,84
21/12/2020 19:14;;;0,81
21/12/2020 19:19;;;0,84
21/12/2020 19:24;;;0,87
21/12/2020 19:29;;;0,87
21/12/2020 19:34;;;0,84
21/12/2020 19:40;;;0,87
21/12/2020 19:45;;;0,89
21/12/2020 19:50;;;0,92
21/12/2020 19:55;;;0,84
21/12/2020 20:00;;;0,87
21/12/2020 20:05;;;0,87
21/12/2020 20:10;;;0,87
21/12/2020 20:15;;;0,81
21/12/2020 20:20;;;0,87
21/12/2020 20:25;;;
21/12/2020 20:30;;;0,87
21/12/2020 20:35;;;0,92
21/12/2020 20:40;;;0,87
21/12/2020 20:45;;;0,89
21/12/2020 20:50;;;
21/12/2020 20:55;;;0,84
21/12/2020 21:00;;;0,89
21/12/2020 21:05;;;0,84
21/12/2020 21:10;;;0,84
21/12/2020 21:15;;;0,81
21/12/2020 21:20;;;0,87
21/12/2020 21:25;;;0,81
21/12/2020 21:30;;;0,92
21/12/2020 21:35;;;0,87
21/12/2020 21:40;;;0,81
21/12/2020 21:45;;;0,78
21/12/2020 21:50;;;0,84
21/12/2020 21:55;;;0,87
21/12/2020 22:00;;;0,87
21/12/2020 22:05;;;0,87
21/12/2020 22:10;;;0,87
21/12/2020 22:15;;;0,87
21/12/2020 22:20;;;0,87
21/12/2020 22:26;;;0,87
21/12/2020 22:31;;;0,89
21/12/2020 22:36;;;0,92
21/12/2020 22:41;;;0,87
21/12/2020 22:46;;;0,84
21/12/2020 22:51;;;0,87
21/12/2020 22:56;;;0,84
21/12/2020 23:01;;;
21/12/2020 23:06;;;0,84
21/12/2020 23:11;;;0,81
21/12/2020 23:16;;;0,87
22/12/2020 8:39;0,46;;0,92
22/12/2020 8:44;0,46;;0,89
22/12/2020 8:49;0,47;;0,78
22/12/2020 8:54;0,45;;0,81
22/12/2020 8:59;0,46;;1,01
22/12/2020 9:04;0,45;;0,92
22/12/2020 9:09;;;0,87
22/12/2020 9:14;;;0,84
22/12/2020 9:19;;;0,81
22/12/2020 9:24;0,44;;0,87
22/12/2020 9:29;;;0,89
22/12/2020 9:34;;;0,84
22/12/2020 9:39;0,45;;0,84
22/12/2020 9:44;0,45;;0,89
22/12/2020 9:49;0,43;;
22/12/2020 9:54;0,44;;0,84
22/12/2020 9:59;0,44;;0,87
22/12/2020 10:04;0,45;;0,87
22/12/2020 10:09;;;0,87
22/12/2020 10:14;0,45;;0,92
22/12/2020 10:19;;;0,87
22/12/2020 10:24;0,45;;0,84
22/12/2020 10:29;;;0,89
22/12/2020 10:34;0,45;;0,87
22/12/2020 10:39;0,47;;0,89
22/12/2020 10:44;;;0,84
22/12/2020 10:49;0,44;;0,84
22/12/2020 10:54;0,42;;0,89
22/12/2020 10:59;0,41;;0,89
22/12/2020 11:04;0,4;;0,78
22/12/2020 11:09;0,38;;0,87
22/12/2020 11:14;;;0,84
22/12/2020 11:19;0,37;;0,87
22/12/2020 11:24;;;0,89
22/12/2020 11:30;0,36;;0,87
22/12/2020 11:35;0,44;;0,84
22/12/2020 11:40;0,46;;0,87
22/12/2020 11:45;0,44;;0,92
22/12/2020 11:50;0,43;;
22/12/2020 11:55;0,42;;0,92
22/12/2020 12:00;0,44;;0,95
22/12/2020 12:05;;;0,87
22/12/2020 12:10;;;0,89
22/12/2020 12:15;0,44;;0,84
22/12/2020 12:20;;;0,95
22/12/2020 12:25;0,42;;0,92
22/12/2020 12:30;0,46;;0,78
22/12/2020 12:35;0,43;;0,78
22/12/2020 12:40;;;0,87
22/12/2020 12:45;0,47;;
22/12/2020 12:50;0,47;;0,84
22/12/2020 12:55;;;0,92
22/12/2020 13:00;;;
22/12/2020 13:05;;;0,89
22/12/2020 13:10;;;0,87
22/12/2020 13:15;;;0,92
22/12/2020 13:20;;;0,87
22/12/2020 13:25;;;0,95
22/12/2020 13:30;;;0,87
22/12/2020 13:35;;;0,92
22/12/2020 13:40;;;0,81
22/12/2020 13:45;0,48;;0,87
22/12/2020 13:50;0,47;;0,81
22/12/2020 13:55;0,46;;0,84
22/12/2020 14:00;0,44;;0,87
22/12/2020 14:05;0,47;;0,87
22/12/2020 14:10;0,45;;0,87
22/12/2020 14:16;0,46;;0,92
22/12/2020 14:21;0,45;;0,84
22/12/2020 14:26;0,46;;0,78
22/12/2020 14:31;0,45;;0,84
22/12/2020 14:36;0,44;;0,84
22/12/2020 14:41;0,47;;0,92
22/12/2020 14:46;0,43;;0,84
22/12/2020 14:51;0,47;;0,92
22/12/2020 14:56;0,46;;0,87
22/12/2020 15:01;0,45;;0,95
22/12/2020 15:06;0,45;;0,92
22/12/2020 15:11;0,46;;0,87
22/12/2020 15:16;;;0,87
22/12/2020 15:21;;;0,84
22/12/2020 15:26;;;0,89
22/12/2020 15:31;;;0,81
22/12/2020 15:36;;;0,87
22/12/2020 15:41;;;0,87
22/12/2020 15:46;;;0,84
22/12/2020 15:51;;;0,84
22/12/2020 15:56;;;0,92
22/12/2020 16:01;;;0,84
22/12/2020 16:06;0,48;;0,84
22/12/2020 16:11;0,46;;0,89
22/12/2020 16:16;0,43;;0,87
22/12/2020 16:21;;;
22/12/2020 16:26;;;0,89
22/12/2020 16:31;;;0,89
22/12/2020 16:36;;;0,84
22/12/2020 16:41;;;0,89
22/12/2020 16:46;;;0,89
22/12/2020 16:51;;;0,89
22/12/2020 16:56;;;0,81
22/12/2020 17:02;;;0,87
22/12/2020 17:07;;;0,87
22/12/2020 17:12;;;0,81
22/12/2020 17:17;;;0,89
22/12/2020 17:22;;;0,89
22/12/2020 17:27;;;0,84
22/12/2020 17:32;;;0,78
22/12/2020 17:37;;;0,78
22/12/2020 17:42;;;0,87
22/12/2020 17:47;;;0,84
22/12/2020 17:52;;;0,92
22/12/2020 17:57;;;0,87
22/12/2020 18:02;;;0,89
22/12/2020 18:07;;;0,84
22/12/2020 18:12;;;0,81
22/12/2020 18:17;;;0,87
22/12/2020 18:22;;;0,81
22/12/2020 18:27;;;0,87
22/12/2020 18:32;;;0,81
22/12/2020 18:37;;;0,84
22/12/2020 18:42;;;0,81
22/12/2020 18:47;;;0,81
22/12/2020 18:52;;;0,84
22/12/2020 18:57;;;0,87
22/12/2020 19:02;;;0,84
22/12/2020 19:07;;;0,89
22/12/2020 19:12;;;0,87
22/12/2020 19:17;;;0,84
22/12/2020 19:22;;;0,78
22/12/2020 19:27;;;0,81
22/12/2020 19:32;;;0,92
22/12/2020 19:37;;;0,81
22/12/2020 19:42;;;0,84
22/12/2020 19:48;;;0,81
22/12/2020 19:53;;;0,87
22/12/2020 19:58;;;
22/12/2020 20:03;;;0,81
22/12/2020 20:08;;;0,92
22/12/2020 20:13;;;0,81
22/12/2020 20:18;;;0,87
22/12/2020 20:23;;;0,87
22/12/2020 20:28;;;0,78
22/12/2020 20:33;;;0,81
22/12/2020 20:38;;;0,84
22/12/2020 20:43;;;0,81
22/12/2020 20:48;;;0,87
22/12/2020 20:53;;;0,84
22/12/2020 20:58;;;0,84
22/12/2020 21:03;;;0,81
22/12/2020 21:08;;;0,84
22/12/2020 21:13;;;0,92
22/12/2020 21:18;;;0,84
22/12/2020 21:23;;;0,87
22/12/2020 21:28;;;0,81
22/12/2020 21:33;;;0,84
22/12/2020 21:38;;;0,84
23/12/2020 9:00;0,44;;
23/12/2020 9:05;0,43;;
23/12/2020 9:10;0,46;;
23/12/2020 9:15;;;
23/12/2020 9:20;;;
23/12/2020 9:25;;;
23/12/2020 9:30;;;
23/12/2020 9:35;;;
23/12/2020 9:40;0,44;;
23/12/2020 9:45;;;
23/12/2020 9:50;0,44;;
23/12/2020 9:56;0,43;;
23/12/2020 10:01;0,42;;
23/12/2020 10:06;;;
23/12/2020 10:11;0,44;;
23/12/2020 10:16;0,44;;
23/12/2020 10:21;0,44;;
23/12/2020 10:26;0,44;;
23/12/2020 10:31;;;
23/12/2020 10:36;;;
23/12/2020 10:41;;;
23/12/2020 10:46;0,42;;
23/12/2020 10:51;0,39;;
23/12/2020 10:56;0,43;;
23/12/2020 11:01;;;
23/12/2020 11:06;0,44;;
23/12/2020 11:11;;;
23/12/2020 11:16;0,42;;
23/12/2020 11:21;0,39;;
23/12/2020 11:26;0,38;;
23/12/2020 11:31;0,37;;
23/12/2020 11:36;;;
23/12/2020 11:41;0,37;;
23/12/2020 11:46;0,41;;
23/12/2020 11:51;;;
23/12/2020 11:56;0,44;;
23/12/2020 12:01;;;
23/12/2020 12:06;;;
23/12/2020 12:11;;;
23/12/2020 12:16;;;
23/12/2020 12:21;;;
23/12/2020 12:26;;;
23/12/2020 12:31;;;
23/12/2020 12:36;0,45;;
23/12/2020 12:41;0,45;;
23/12/2020 12:47;0,44;;
23/12/2020 12:52;0,44;;
23/12/2020 12:57;0,45;;
23/12/2020 13:02;0,45;;
23/12/2020 13:07;0,46;;
23/12/2020 13:12;0,46;;
23/12/2020 13:17;0,44;;
23/12/2020 13:22;0,45;;
23/12/2020 13:27;0,44;;
23/12/2020 13:32;0,44;;
23/12/2020 13:37;0,45;;
23/12/2020 13:42;0,45;;
23/12/2020 13:47;0,43;;
23/12/2020 13:52;0,42;;
23/12/2020 13:57;0,41;;
23/12/2020 14:02;0,45;;
23/12/2020 14:07;0,43;;
23/12/2020 14:12;;;
23/12/2020 14:17;0,42;;
23/12/2020 14:22;0,44;;
23/12/2020 14:27;0,44;;
23/12/2020 14:32;0,44;;
23/12/2020 14:37;0,45;;
23/12/2020 14:42;0,45;;
23/12/2020 14:47;;;
23/12/2020 14:52;;;
23/12/2020 14:57;;;
23/12/2020 15:02;;;
23/12/2020 15:07;;;
23/12/2020 15:12;;;
23/12/2020 15:17;0,43;;
23/12/2020 15:22;0,45;;
23/12/2020 15:27;0,43;;
23/12/2020 15:32;0,46;;
23/12/2020 15:38;0,44;;
23/12/2020 15:43;0,43;;
23/12/2020 15:48;;;
23/12/2020 15:53;;;
23/12/2020 15:58;;;
23/12/2020 16:03;;;
23/12/2020 16:08;;;
23/12/2020 16:13;;;
23/12/2020 16:18;;;
23/12/2020 16:23;;;
23/12/2020 16:28;;;
23/12/2020 16:33;;;
23/12/2020 16:38;;;
23/12/2020 16:43;;;
23/12/2020 16:48;;;
23/12/2020 16:53;;;
23/12/2020 16:58;;;
23/12/2020 17:03;;;
23/12/2020 17:08;;;
23/12/2020 17:13;;;
23/12/2020 17:18;;;
23/12/2020 17:23;;;
23/12/2020 17:28;;;
23/12/2020 17:33;;;
23/12/2020 17:38;;;
23/12/2020 17:43;;;
23/12/2020 17:48;;;
23/12/2020 17:53;;;
23/12/2020 17:58;;;
23/12/2020 18:03;;;
23/12/2020 18:08;;;
23/12/2020 18:13;;;
23/12/2020 18:18;;;
23/12/2020 18:23;;;
23/12/2020 18:28;;;
23/12/2020 18:34;;;
23/12/2020 18:39;;;
23/12/2020 18:44;;;
23/12/2020 18:49;;;
23/12/2020 18:54;;;
23/12/2020 18:59;;;
23/12/2020 19:04;;;
23/12/2020 19:09;;;
23/12/2020 19:14;;;
23/12/2020 19:19;;;
23/12/2020 19:24;;;
23/12/2020 19:29;;;
23/12/2020 19:34;;;
23/12/2020 19:39;;;
23/12/2020 19:44;;;
23/12/2020 19:49;;;
23/12/2020 19:54;;;
23/12/2020 19:59;;;
23/12/2020 20:04;;;
23/12/2020 20:09;;;
23/12/2020 20:14;;;
23/12/2020 20:19;;;
23/12/2020 20:24;;;
23/12/2020 20:29;;;
23/12/2020 20:34;;;
23/12/2020 20:39;;;
23/12/2020 20:44;;;
23/12/2020 20:49;;;
23/12/2020 20:54;;;
23/12/2020 20:59;;;
23/12/2020 21:04;;;
23/12/2020 21:09;;;
23/12/2020 21:14;;;
24/12/2020 11:32;0,46;;
24/12/2020 11:37;0,43;;
24/12/2020 11:42;0,41;;
24/12/2020 11:47;0,4;;
24/12/2020 11:52;0,39;;
24/12/2020 11:57;0,42;;
24/12/2020 12:02;0,46;;
24/12/2020 12:07;;;
24/12/2020 12:13;;;
24/12/2020 12:18;;;
24/12/2020 12:23;;;
24/12/2020 12:28;0,49;;
24/12/2020 12:33;;;
24/12/2020 12:38;;;
24/12/2020 12:43;;;
24/12/2020 12:48;;;
24/12/2020 12:53;0,44;;
24/12/2020 12:58;0,44;;
24/12/2020 13:03;0,43;;
24/12/2020 13:08;0,45;;
24/12/2020 13:13;0,44;;
24/12/2020 13:18;0,44;;
24/12/2020 13:23;0,45;;
24/12/2020 13:28;0,42;;
24/12/2020 13:33;0,45;;
24/12/2020 13:38;;;
24/12/2020 13:43;;;
24/12/2020 13:48;0,44;;
24/12/2020 13:53;0,45;;
24/12/2020 13:58;0,45;;
24/12/2020 14:03;;;
24/12/2020 14:08;;;
24/12/2020 14:13;;;
24/12/2020 14:18;;;
24/12/2020 14:23;;;
24/12/2020 14:28;0,43;;
24/12/2020 14:33;0,43;;
24/12/2020 14:38;0,45;;
24/12/2020 14:43;0,45;;
24/12/2020 14:48;;;
24/12/2020 14:53;;;
24/12/2020 14:59;;;
24/12/2020 15:04;;;
24/12/2020 15:09;0,47;;
24/12/2020 15:14;;;
24/12/2020 15:19;;;
24/12/2020 15:24;0,44;;
24/12/2020 15:29;0,44;;
24/12/2020 15:34;0,44;;
24/12/2020 15:39;0,42;;
24/12/2020 15:44;;;
24/12/2020 15:49;;;
24/12/2020 15:54;;;
24/12/2020 15:59;;;
24/12/2020 16:04;;;
24/12/2020 16:09;;;
24/12/2020 16:14;;;
24/12/2020 16:19;;;
24/12/2020 16:24;;;
24/12/2020 16:29;;;
24/12/2020 16:34;;;
24/12/2020 16:39;;;
24/12/2020 16:44;;;
24/12/2020 16:49;;;
24/12/2020 16:54;;;
24/12/2020 16:59;;;
24/12/2020 17:04;;;
24/12/2020 17:09;;;
24/12/2020 17:14;;;
24/12/2020 17:19;;;
24/12/2020 17:24;;;
24/12/2020 17:29;;;
24/12/2020 17:34;;;
24/12/2020 17:39;;;
24/12/2020 17:44;;;
24/12/2020 17:49;;;
24/12/2020 17:55;;;
24/12/2020 18:00;;;
24/12/2020 18:05;;;
24/12/2020 18:10;;;
24/12/2020 18:15;;;
24/12/2020 18:20;;;
24/12/2020 18:25;;;
24/12/2020 18:30;;;
24/12/2020 18:35;;;
24/12/2020 18:40;;;
24/12/2020 18:45;;;
24/12/2020 18:50;;;
24/12/2020 18:55;;;
24/12/2020 19:00;;;
24/12/2020 19:05;;;
24/12/2020 19:10;;;
24/12/2020 19:15;;;
26/12/2020 12:29;;;
26/12/2020 12:34;;;
26/12/2020 12:39;;;
26/12/2020 12:44;;;
26/12/2020 12:49;;;
26/12/2020 12:54;;;
26/12/2020 12:59;;;
26/12/2020 13:04;;;
26/12/2020 13:09;;;
26/12/2020 13:14;;;
26/12/2020 13:19;;;
26/12/2020 13:24;;;
26/12/2020 13:29;;;
26/12/2020 13:34;;;
26/12/2020 13:39;;;
26/12/2020 13:44;;;
26/12/2020 13:49;;;
26/12/2020 13:54;;;
26/12/2020 13:59;;;
26/12/2020 14:04;;;
26/12/2020 14:09;;;
26/12/2020 14:14;;;
26/12/2020 14:19;;;
26/12/2020 14:24;;;
26/12/2020 14:29;;;
26/12/2020 14:34;;;
26/12/2020 14:39;;;
26/12/2020 14:44;;;
26/12/2020 14:49;;;
26/12/2020 14:54;;;
26/12/2020 14:59;;;
26/12/2020 15:04;;;
26/12/2020 15:09;;;
26/12/2020 15:14;;;
26/12/2020 15:20;;;
26/12/2020 15:25;;;
26/12/2020 15:30;;;
26/12/2020 15:35;;;
26/12/2020 15:40;;;
26/12/2020 15:45;;;
26/12/2020 15:50;;;
26/12/2020 15:55;;;
26/12/2020 16:00;;;
26/12/2020 16:05;;;
26/12/2020 16:10;;;
26/12/2020 16:15;;;
26/12/2020 16:20;;;
26/12/2020 16:25;;;
26/12/2020 16:30;;;
26/12/2020 16:35;;;
